Group hierarchy,Region,Description,Service,Upfront,Monthly,First 12 months total,Currency,Configuration summary
My Estimate,US East (N. Virginia),Amazon EC2,Amazon EC2,0,820.5,9846,USD,"Operating system (Linux),
 Quantity (10), Pricing strategy (On-Demand Instances  ), Storage for each EC2 instance (General Purpose SSD (gp2)), Storage amount (30 GB), Instance type (t2.xlarge)"
My Estimate,US East (N. Virginia),Elastic Load Balancing,Application Load Balancer,0,36.15,433.8,USD,Number of Application Load Balancers (2)
My Estimate,US East (N. Virginia),Amazon Virtual Private Cloud (VPC),Amazon Virtual Private Cloud (VPC),0,34.35,412.2,USD,Number of NAT Gateways (1)
My Estimate,US East (N. Virginia),Amazon Simple Storage Service (S3),S3 Standard,0,220.22,2642.64,USD,S3 Standard storage (10 TB per month)
My Estimate,US East (N. Virginia),Amazon RDS for PostgreSQL,Amazon RDS for PostgreSQL,0,6680.32,80163.84,USD,"Quantity (2), Pricing strategy (On-Demand Instances 1 Year No Upfront), Storage volume (General Purpose SSD (gp2)), Storage amount (5 TB per month), Instance type (db.m5.4xlarge), Additional backup storage (1 TB)"
My Estimate,US East (N. Virginia),Amazon Simple Storage Service (S3),Data Transfer,0,0,0,USD,
My Estimate,US East (N. Virginia),Amazon Virtual Private Cloud,Amazon Virtual Private Cloud (VPC),0,365,4380,USD,Number of Site-to-Site VPN Connections (10)
My Estimate,US East (N. Virginia),AWS Data Transfer,AWS Data Transfer,0,1238.8,14865.6,USD,"DT Inbound: Internet (40 TB per month), DT Outbound: All other regions (30 TB per month), DT Intra-Region: (30 TB per month), Data transfer cost (1228.8)"
,,,,,,,,
Acknowledgement,,,,,,,,
"* AWS Pricing Calculator provides only an estimate of your AWS fees and doesn't include any taxes that might apply. Your actual fees depend on a variety of factors, including your actual usage of AWS services.",,,,,,,,
